timestamp,lat,lon
2024-05-01T08:00:00,-23.550500,-46.633300
2024-05-01T08:01:00,-23.545500,-46.633300
2024-05-01T08:02:00,-23.540500,-46.633300
2024-05-01T08:03:00,-23.535500,-46.633300
2024-05-01T08:04:00,-23.530500,-46.633300
2024-05-01T08:05:00,-23.525500,-46.633300
2024-05-01T08:06:00,-23.520500,-46.633300
2024-05-01T08:07:00,-23.515500,-46.633300
2024-05-01T08:08:00,-23.510500,-46.633300
2024-05-01T08:09:00,-23.505500,-46.633300
2024-05-01T08:10:00,-23.500500,-46.633300
2024-05-01T08:11:00,-23.500500,-46.633300
2024-05-01T08:12:00,-23.500500,-46.633300
2024-05-01T08:13:00,-23.500500,-46.633300
2024-05-01T08:14:00,-23.500500,-46.633300
2024-05-01T08:15:00,-23.500500,-46.633300
2024-05-01T08:16:00,-23.500500,-46.633300
2024-05-01T08:17:00,-23.500500,-46.633300
2024-05-01T08:18:00,-23.500500,-46.633300
2024-05-01T08:19:00,-23.495500,-46.633300
2024-05-01T08:20:00,-23.490500,-46.633300
2024-05-01T08:21:00,-23.485500,-46.633300
2024-05-01T08:22:00,-23.480500,-46.633300
2024-05-01T08:23:00,-23.475500,-46.633300
2024-05-01T08:24:00,-23.470500,-46.633300
2024-05-01T08:25:00,-23.465500,-46.633300
2024-05-01T08:26:00,-23.460500,-46.633300
2024-05-01T08:27:00,-23.455500,-46.633300
2024-05-01T08:28:00,-23.450500,-46.633300
2024-05-01T08:29:00,-23.445500,-46.633300
2024-05-01T08:30:00,-23.440500,-46.633300
