device_id,timestamp,lat,lon,speed_kmh
ab-12,01/05/2024 08:00:00,-23.550000,-46.630000,30.0
CD-34,01/05/2024 08:00:00,-23.540000,-46.620000,31.0
ef-56,01/05/2024 08:00:00,-23.530000,-46.610000,32.0
ab-12,01/05/2024 08:01:00,-23.549500,-46.630000,37.0
CD-34,01/05/2024 08:01:00,-23.539500,-46.620000,38.0
ef-56,01/05/2024 08:01:00,-23.529500,-46.610000,39.0
ab-12,01/05/2024 08:02:00,-23.549000,-46.630000,44.0
CD-34,01/05/2024 08:02:00,-23.539000,-46.620000,45.0
ef-56,01/05/2024 08:02:00,-23.529000,-46.610000,46.0
ab-12,01/05/2024 08:03:00,0.000000,0.000000,51.0
CD-34,01/05/2024 08:03:00,-23.538500,-46.620000,52.0
ef-56,01/05/2024 08:03:00,-23.528500,-46.610000,53.0
ab-12,01/05/2024 08:04:00,-23.548000,-46.630000,33.0
CD-34,01/05/2024 08:04:00,-23.538000,-46.620000,34.0
ef-56,01/05/2024 08:04:00,-23.528000,-46.610000,35.0
ab-12,01/05/2024 08:05:00,-23.547500,-46.630000,40.0
CD-34,01/05/2024 08:05:00,-23.537500,-46.620000,250.0
ef-56,01/05/2024 08:05:00,-23.527500,-46.610000,42.0
ab-12,01/05/2024 08:06:00,-23.547000,-46.630000,47.0
CD-34,01/05/2024 08:06:00,-23.537000,-46.620000,48.0
ef-56,01/05/2024 08:06:00,-23.527000,-46.610000,200.0
ab-12,01/05/2024 08:07:00,-23.546500,-46.630000,54.0
CD-34,01/05/2024 08:07:00,-23.536500,-46.620000,30.0
ef-56,01/05/2024 08:07:00,-23.526500,-46.610000,200.1
ab-12,01/05/2024 08:08:00,-23.546000,-46.630000,36.0
CD-34,01/05/2024 08:08:00,-23.536000,-46.620000,37.0
ef-56,01/05/2024 08:08:00,-23.526000,-46.610000,38.0
ab-12,01/05/2024 08:09:00,abc,-46.630000,43.0
CD-34,01/05/2024 08:09:00,-23.535500,-46.620000,44.0
ef-56,01/05/2024 08:09:00,-23.525500,-46.610000,45.0
ab-12,01/05/2024 08:10:00,-23.545000,-46.630000,50.0
CD-34,01/05/2024 08:10:00,-23.535000,-46.620000,51.0
ef-56,01/05/2024 08:10:00,-23.525000,-46.610000,52.0
ab-12,01/05/2024 08:11:00,-23.544500,-46.630000,32.0
CD-34,2024-05-01 08:11,-23.534500,-46.620000,33.0
ef-56,01/05/2024 08:11:00,-23.524500,-46.610000,34.0
ab-12,01/05/2024 08:12:00,-23.544000,-46.630000,39.0
CD-34,01/05/2024 08:12:00,-23.534000,-46.620000,40.0
ef-56,01/05/2024 08:12:00,-23.524000,-46.610000,41.0
ab-12,01/05/2024 08:13:00,-23.543500,-46.630000,46.0
CD-34,01/05/2024 08:13:00,-23.533500,-46.620000,47.0
ef-56,01/05/2024 08:13:00,-23.523500,-46.610000,48.0
ab-12,01/05/2024 08:14:00,-23.543000,-46.630000,53.0
CD-34,01/05/2024 08:14:00,-23.533000,-46.620000,54.0
ef-56,01/05/2024 08:14:00,-23.523000,-46.610000,30.0
ab-12,01/05/2024 08:15:00,-23.542500,-46.630000,
CD-34,01/05/2024 08:15:00,-23.532500,-46.620000,36.0
ef-56,01/05/2024 08:15:00,-23.522500,-46.610000,37.0
ab-12,01/05/2024 08:16:00,-23.542000,-46.630000,42.0
CD-34,01/05/2024 08:16:00,-23.532000,-46.620000,43.0
ef-56,01/05/2024 08:16:00,-23.522000,-46.610000,44.0
ab-12,01/05/2024 08:17:00,-23.541500,-46.630000,49.0
CD-34,01/05/2024 08:17:00,-23.531500,-46.620000,50.0
ef-56,01/05/2024 08:17:00,-23.521500,-46.610000,51.0
ab-12,01/05/2024 08:18:00,-23.541000,-46.630000,31.0
CD-34,01/05/2024 08:18:00,-23.531000,-46.620000,32.0
ef-56,01/05/2024 08:18:00,-23.521000,-46.610000,33.0
ab-12,01/05/2024 08:19:00,-23.540500,-46.630000,38.0
CD-34,01/05/2024 08:19:00,-23.530500,-46.620000,39.0
ef-56,01/05/2024 08:19:00,-23.520500,-46.610000,40.0
ab-12,01/05/2024 08:20:00,-23.540000,-46.630000,45.0
CD-34,01/05/2024 08:20:00,-23.530000,-46.620000,46.0
CD-34,01/05/2024 08:20:00,-23.530000,-46.620000,99.0
ef-56,01/05/2024 08:20:00,-23.520000,-46.610000,47.0
ab-12,01/05/2024 08:21:00,-23.539500,-46.630000,52.0
CD-34,01/05/2024 08:21:00,-23.529500,-46.620000,53.0
ef-56,01/05/2024 08:21:00,-23.519500,-46.610000,54.0
ab-12,01/05/2024 08:22:00,-23.539000,-46.630000,34.0
CD-34,01/05/2024 08:22:00,-23.529000,-46.620000,35.0
ef-56,01/05/2024 08:22:00,-23.519000,-46.610000,36.0
ab-12,01/05/2024 08:23:00,-23.538500,-46.630000,41.0
CD-34,01/05/2024 08:23:00,-23.528500,-46.620000,42.0
ef-56,01/05/2024 08:23:00,-23.518500,-46.610000,43.0
ab-12,01/05/2024 08:24:00,-23.538000,-46.630000,48.0
CD-34,01/05/2024 08:24:00,-23.528000,-46.620000,49.0
ef-56,01/05/2024 08:24:00,-23.518000,-46.610000,50.0
ab-12,01/05/2024 08:25:00,-23.537500,-46.630000,30.0
CD-34,01/05/2024 08:25:00,-23.527500,-46.620000,31.0
ef-56,01/05/2024 08:25:00,-23.517500,-46.610000,32.0
ab-12,01/05/2024 08:26:00,-23.537000,-46.630000,37.0
CD-34,01/05/2024 08:26:00,-23.527000,-46.620000,38.0
ef-56,01/05/2024 08:26:00,-23.517000,-46.610000,39.0
ab-12,01/05/2024 08:27:00,-23.536500,-46.630000,44.0
CD-34,01/05/2024 08:27:00,-23.526500,-46.620000,45.0
ef-56,01/05/2024 08:27:00,-23.516500,-46.610000,46.0
ab-12,01/05/2024 08:28:00,-23.536000,-46.630000,51.0
CD-34,01/05/2024 08:28:00,-23.526000,-46.620000,52.0
ef-56,01/05/2024 08:28:00,-23.516000,-46.610000,53.0
ab-12,01/05/2024 08:29:00,-23.535500,-46.630000,33.0
CD-34,01/05/2024 08:29:00,-23.525500,-46.620000,34.0
ef-56,01/05/2024 08:29:00,-23.515500,-46.610000,35.0
ab-12,01/05/2024 08:30:00,-23.535000,-46.630000,40.0
CD-34,01/05/2024 08:30:00,-23.525000,-46.620000,41.0
ef-56,01/05/2024 08:30:00,-23.515000,-46.610000,42.0
ab-12,01/05/2024 08:31:00,-23.534500,-46.630000,47.0
CD-34,01/05/2024 08:31:00,-23.524500,-46.620000,48.0
ef-56,01/05/2024 08:31:00,-23.514500,-46.610000,49.0
ab-12,01/05/2024 08:32:00,-23.534000,-46.630000,54.0
CD-34,01/05/2024 08:32:00,-23.524000,-46.620000,30.0
ef-56,01/05/2024 08:32:00,-23.514000,-46.610000,31.0
ab-12,01/05/2024 08:33:00,-23.533500,-46.630000,36.0
CD-34,01/05/2024 08:33:00,-23.523500,-46.620000,37.0
ef-56,01/05/2024 08:33:00,-23.513500,-46.610000,38.0
ab-12,01/05/2024 08:34:00,-23.533000,-46.630000,43.0
CD-34,01/05/2024 08:34:00,-23.523000,-46.620000,44.0
ef-56,01/05/2024 08:34:00,-23.513000,-46.610000,45.0
ab-12,01/05/2024 08:35:00,-23.532500,-46.630000,50.0
CD-34,01/05/2024 08:35:00,-23.522500,-46.620000,51.0
ef-56,01/05/2024 08:35:00,-23.512500,-46.610000,52.0
ab-12,01/05/2024 08:36:00,-23.532000,-46.630000,32.0
CD-34,01/05/2024 08:36:00,-23.522000,-46.620000,33.0
ef-56,01/05/2024 08:36:00,-23.512000,-46.610000,34.0
ab-12,01/05/2024 08:37:00,-23.531500,-46.630000,39.0
CD-34,01/05/2024 08:37:00,-23.521500,-46.620000,40.0
ef-56,01/05/2024 08:37:00,-23.511500,-46.610000,41.0
ab-12,01/05/2024 08:38:00,-23.531000,-46.630000,46.0
CD-34,01/05/2024 08:38:00,-23.521000,-46.620000,47.0
ef-56,01/05/2024 08:38:00,-23.511000,-46.610000,48.0
ab-12,01/05/2024 08:39:00,-23.530500,-46.630000,53.0
CD-34,01/05/2024 08:39:00,-23.520500,-46.620000,54.0
ef-56,01/05/2024 08:39:00,-23.510500,-46.610000,30.0
 EF-56 ,01/05/2024 08:25:00,-23.517500,-46.610000,11.0
ab-12,01/05/2024 08:40:00,-23.5,-46.6,-5
